PRAGMA foreign_keys = ON;

CREATE TABLE rooms (
  id INTEGER PRIMARY KEY AUTOINCREMENT,
  room_number TEXT UNIQUE NOT NULL,
  beds INTEGER NOT NULL,
  rate_per_night REAL NOT NULL
);

INSERT INTO rooms (room_number, beds, rate_per_night) VALUES
  ('101', 2, 313),
  ('102', 4, 339),
  ('103', 2, 280),
  ('104', 6, 273),
  ('105', 2, 389),
  ('106', 2, 333),
  ('107', 4, 387),
  ('108', 2, 247),
  ('109', 6, 262),
  ('201', 2, 323),
  ('202', 4, 349),
  ('203', 2, 382),
  ('204', 6, 312),
  ('205', 2, 271),
  ('206', 2, 257),
  ('207', 4, 252),
  ('208', 2, 331),
  ('209', 6, 389),
  ('301', 2, 353),
  ('302', 4, 405),
  ('303', 2, 220),
  ('304', 6, 269),
  ('305', 2, 317),
  ('306', 2, 258),
  ('307', 4, 388),
  ('308', 2, 393),
  ('309', 6, 309),
  ('401', 2, 219),
  ('402', 4, 392),
  ('403', 2, 308),
  ('404', 6, 364),
  ('405', 2, 262),
  ('406', 2, 362),
  ('407', 4, 267),
  ('408', 2, 301),
  ('409', 6, 386);

CREATE TABLE guests (
  id INTEGER PRIMARY KEY AUTOINCREMENT,
  first_name TEXT NOT NULL,
  last_name TEXT NOT NULL,
  email TEXT UNIQUE NOT NULL
);

INSERT INTO guests (first_name, last_name, email) VALUES
  ('Alex', 'Ash', 'guest1@lodge.example'),
  ('Blake', 'Ash', 'guest2@lodge.example'),
  ('Casey', 'Brook', 'guest3@lodge.example'),
  ('Drew', 'Brook', 'guest4@lodge.example'),
  ('Ellis', 'Cedar', 'guest5@lodge.example'),
  ('Finley', 'Cedar', 'guest6@lodge.example'),
  ('Gray', 'Dale', 'guest7@lodge.example'),
  ('Harper', 'Dale', 'guest8@lodge.example'),
  ('Indigo', 'Elm', 'guest9@lodge.example'),
  ('Jordan', 'Elm', 'guest10@lodge.example'),
  ('Kai', 'Frost', 'guest11@lodge.example'),
  ('Logan', 'Frost', 'guest12@lodge.example'),
  ('Morgan', 'Glen', 'guest13@lodge.example'),
  ('Noel', 'Glen', 'guest14@lodge.example'),
  ('Oakley', 'Hill', 'guest15@lodge.example'),
  ('Parker', 'Hill', 'guest16@lodge.example'),
  ('Quinn', 'Iris', 'guest17@lodge.example'),
  ('Reese', 'Iris', 'guest18@lodge.example'),
  ('Sage', 'Knoll', 'guest19@lodge.example'),
  ('Taylor', 'Knoll', 'guest20@lodge.example'),
  ('Alex', 'Lake', 'guest21@lodge.example'),
  ('Blake', 'Lake', 'guest22@lodge.example'),
  ('Casey', 'Marsh', 'guest23@lodge.example'),
  ('Drew', 'Marsh', 'guest24@lodge.example'),
  ('Ellis', 'North', 'guest25@lodge.example'),
  ('Finley', 'North', 'guest26@lodge.example'),
  ('Gray', 'Pine', 'guest27@lodge.example'),
  ('Harper', 'Pine', 'guest28@lodge.example'),
  ('Indigo', 'Quarry', 'guest29@lodge.example'),
  ('Jordan', 'Quarry', 'guest30@lodge.example'),
  ('Kai', 'Ridge', 'guest31@lodge.example'),
  ('Logan', 'Ridge', 'guest32@lodge.example'),
  ('Morgan', 'Stone', 'guest33@lodge.example'),
  ('Noel', 'Stone', 'guest34@lodge.example'),
  ('Oakley', 'Trail', 'guest35@lodge.example'),
  ('Parker', 'Trail', 'guest36@lodge.example'),
  ('Quinn', 'Vale', 'guest37@lodge.example'),
  ('Reese', 'Vale', 'guest38@lodge.example'),
  ('Sage', 'Wood', 'guest39@lodge.example'),
  ('Taylor', 'Wood', 'guest40@lodge.example'),
  ('Alex', 'Ash', 'guest41@lodge.example'),
  ('Blake', 'Ash', 'guest42@lodge.example'),
  ('Casey', 'Brook', 'guest43@lodge.example'),
  ('Drew', 'Brook', 'guest44@lodge.example'),
  ('Ellis', 'Cedar', 'guest45@lodge.example'),
  ('Finley', 'Cedar', 'guest46@lodge.example'),
  ('Gray', 'Dale', 'guest47@lodge.example'),
  ('Harper', 'Dale', 'guest48@lodge.example');

CREATE TABLE bookings (
  id INTEGER PRIMARY KEY AUTOINCREMENT,
  guest_id INTEGER NOT NULL REFERENCES guests(id),
  room_id INTEGER NOT NULL REFERENCES rooms(id),
  check_in TEXT NOT NULL,
  check_out TEXT NOT NULL,
  total_amount REAL NOT NULL
);

INSERT INTO bookings (guest_id, room_id, check_in, check_out, total_amount) VALUES
  (1, 4, '2025-02-02', '2025-02-05', 835),
  (1, 9, '2025-03-03', '2025-03-07', 975),
  (2, 7, '2025-04-04', '2025-04-09', 1131),
  (2, 12, '2025-05-05', '2025-05-11', 1489),
  (3, 10, '2025-06-06', '2025-06-08', 589),
  (3, 15, '2025-07-07', '2025-07-10', 839),
  (4, 13, '2025-08-08', '2025-08-12', 906),
  (4, 18, '2025-09-09', '2025-09-14', 1080),
  (5, 16, '2025-10-10', '2025-10-16', 1386),
  (5, 21, '2025-11-11', '2025-11-13', 769),
  (5, 26, '2025-12-12', '2025-12-15', 988),
  (6, 19, '2025-01-13', '2025-01-17', 935),
  (6, 24, '2025-02-14', '2025-02-19', 1434),
  (7, 22, '2025-03-15', '2025-03-21', 1384),
  (7, 27, '2025-04-16', '2025-04-18', 778),
  (7, 32, '2025-05-17', '2025-05-20', 943),
  (7, 1, '2025-06-18', '2025-06-22', 1285),
  (8, 25, '2025-07-19', '2025-07-24', 1510),
  (8, 30, '2025-08-20', '2025-08-26', 1383),
  (9, 28, '2025-09-01', '2025-09-03', 846),
  (9, 33, '2025-10-02', '2025-10-05', 1010),
  (10, 31, '2025-11-03', '2025-11-07', 1177),
  (10, 36, '2025-12-04', '2025-12-09', 1427),
  (10, 5, '2025-01-05', '2025-01-11', 1773),
  (11, 34, '2025-02-06', '2025-02-08', 746),
  (11, 3, '2025-03-07', '2025-03-10', 552),
  (12, 1, '2025-04-08', '2025-04-12', 929),
  (12, 6, '2025-05-09', '2025-05-14', 1322),
  (13, 4, '2025-06-10', '2025-06-16', 1401),
  (13, 9, '2025-07-11', '2025-07-13', 675),
  (14, 7, '2025-08-12', '2025-08-15', 903),
  (14, 12, '2025-09-13', '2025-09-17', 1030),
  (14, 17, '2025-10-14', '2025-10-19', 1046),
  (14, 22, '2025-11-15', '2025-11-21', 1313),
  (15, 10, '2025-12-16', '2025-12-18', 819),
  (15, 15, '2025-01-17', '2025-01-20', 867),
  (15, 20, '2025-02-18', '2025-02-22', 977),
  (16, 13, '2025-03-19', '2025-03-24', 1101),
  (16, 18, '2025-04-20', '2025-04-26', 1601),
  (17, 16, '2025-05-01', '2025-05-03', 671),
  (17, 21, '2025-06-02', '2025-06-05', 1093),
  (18, 19, '2025-07-03', '2025-07-07', 1082),
  (18, 24, '2025-08-04', '2025-08-09', 1512),
  (19, 22, '2025-09-05', '2025-09-11', 1467),
  (19, 27, '2025-10-06', '2025-10-08', 1025),
  (20, 25, '2025-11-07', '2025-11-10', 878),
  (20, 30, '2025-12-08', '2025-12-12', 1434),
  (20, 35, '2025-01-09', '2025-01-14', 1294),
  (21, 28, '2025-02-10', '2025-02-16', 1638),
  (21, 33, '2025-03-11', '2025-03-13', 945),
  (21, 2, '2025-04-12', '2025-04-15', 1137),
  (21, 7, '2025-05-13', '2025-05-17', 1131),
  (22, 31, '2025-06-14', '2025-06-19', 1045),
  (22, 36, '2025-07-15', '2025-07-21', 1283),
  (23, 34, '2025-08-16', '2025-08-18', 706),
  (23, 3, '2025-09-17', '2025-09-20', 712),
  (24, 1, '2025-10-18', '2025-10-22', 904),
  (24, 6, '2025-11-19', '2025-11-24', 1036),
  (25, 4, '2025-12-20', '2025-12-26', 1469),
  (25, 9, '2025-01-01', '2025-01-03', 490),
  (25, 14, '2025-02-02', '2025-02-05', 824),
  (26, 7, '2025-03-03', '2025-03-07', 1096),
  (26, 12, '2025-04-04', '2025-04-09', 1060),
  (27, 10, '2025-05-05', '2025-05-11', 1381),
  (27, 15, '2025-06-06', '2025-06-08', 808),
  (28, 13, '2025-07-07', '2025-07-10', 777),
  (28, 18, '2025-08-08', '2025-08-12', 1126),
  (28, 23, '2025-09-09', '2025-09-14', 1246),
  (28, 28, '2025-10-10', '2025-10-16', 1581),
  (29, 16, '2025-11-11', '2025-11-13', 658),
  (29, 21, '2025-12-12', '2025-12-15', 1137),
  (30, 19, '2025-01-13', '2025-01-17', 1365),
  (30, 24, '2025-02-14', '2025-02-19', 1446),
  (30, 29, '2025-03-15', '2025-03-21', 1588),
  (31, 22, '2025-04-16', '2025-04-18', 1064),
  (31, 27, '2025-05-17', '2025-05-20', 1120),
  (32, 25, '2025-06-18', '2025-06-22', 1453),
  (32, 30, '2025-07-19', '2025-07-24', 1593),
  (33, 28, '2025-08-20', '2025-08-26', 1466),
  (33, 33, '2025-09-01', '2025-09-03', 517),
  (34, 31, '2025-10-02', '2025-10-05', 886),
  (34, 36, '2025-11-03', '2025-11-07', 756),
  (35, 34, '2025-12-04', '2025-12-09', 1068),
  (35, 3, '2025-01-05', '2025-01-11', 1179),
  (35, 8, '2025-02-06', '2025-02-08', 752),
  (35, 13, '2025-03-07', '2025-03-10', 798),
  (36, 1, '2025-04-08', '2025-04-12', 1205),
  (36, 6, '2025-05-09', '2025-05-14', 1045),
  (37, 4, '2025-06-10', '2025-06-16', 1391),
  (37, 9, '2025-07-11', '2025-07-13', 596),
  (38, 7, '2025-08-12', '2025-08-15', 980),
  (38, 12, '2025-09-13', '2025-09-17', 1233),
  (39, 10, '2025-10-14', '2025-10-19', 1114),
  (39, 15, '2025-11-15', '2025-11-21', 1327),
  (40, 13, '2025-12-16', '2025-12-18', 985),
  (40, 18, '2025-01-17', '2025-01-20', 1119),
  (40, 23, '2025-02-18', '2025-02-22', 1274),
  (41, 16, '2025-03-19', '2025-03-24', 1248),
  (41, 21, '2025-04-20', '2025-04-26', 1468),
  (42, 19, '2025-05-01', '2025-05-03', 1066),
  (42, 24, '2025-06-02', '2025-06-05', 968),
  (42, 29, '2025-07-03', '2025-07-07', 1257),
  (42, 34, '2025-08-04', '2025-08-09', 1242),
  (43, 22, '2025-09-05', '2025-09-11', 1639),
  (43, 27, '2025-10-06', '2025-10-08', 777),
  (44, 25, '2025-11-07', '2025-11-10', 811),
  (44, 30, '2025-12-08', '2025-12-12', 738),
  (45, 28, '2025-01-09', '2025-01-14', 1221),
  (45, 33, '2025-02-10', '2025-02-16', 1390),
  (45, 2, '2025-03-11', '2025-03-13', 618),
  (46, 31, '2025-04-12', '2025-04-15', 892),
  (46, 36, '2025-05-13', '2025-05-17', 844),
  (47, 34, '2025-06-14', '2025-06-19', 1225),
  (47, 3, '2025-07-15', '2025-07-21', 1441),
  (48, 1, '2025-08-16', '2025-08-18', 874),
  (48, 6, '2025-09-17', '2025-09-20', 950);

CREATE TABLE menu_items (
  id INTEGER PRIMARY KEY AUTOINCREMENT,
  name TEXT NOT NULL,
  category TEXT NOT NULL,
  price REAL NOT NULL
);

INSERT INTO menu_items (name, category, price) VALUES
  ('Trout', 'Entree', 28),
  ('Elk steak', 'Entree', 42.5),
  ('Burger', 'Entree', 17),
  ('Salad', 'Starter', 10.5),
  ('Soup', 'Starter', 13),
  ('Hot cocoa', 'Drink', 4),
  ('Fondue', 'Entree', 34.5),
  ('Charcuterie', 'Starter', 23),
  ('Pasta', 'Entree', 22.5),
  ('Omelette', 'Entree', 16),
  ('Pancakes', 'Entree', 12),
  ('Latte', 'Drink', 5.5),
  ('Wine flight', 'Drink', 19),
  ('Cheesecake', 'Dessert', 11.5),
  ('Sorbet', 'Dessert', 9),
  ('Trout', 'Entree', 28),
  ('Elk steak', 'Entree', 42.5),
  ('Burger', 'Entree', 17),
  ('Salad', 'Starter', 10.5),
  ('Soup', 'Starter', 13),
  ('Hot cocoa', 'Drink', 4),
  ('Fondue', 'Entree', 34.5),
  ('Charcuterie', 'Starter', 23),
  ('Pasta', 'Entree', 22.5);

CREATE TABLE orders (
  id INTEGER PRIMARY KEY AUTOINCREMENT,
  guest_id INTEGER NOT NULL REFERENCES guests(id),
  order_date TEXT NOT NULL
);

INSERT INTO orders (guest_id, order_date) VALUES
  (1, '2025-01-01'),
  (2, '2025-02-02'),
  (3, '2025-03-03'),
  (4, '2025-04-04'),
  (5, '2025-05-05'),
  (6, '2025-06-06'),
  (7, '2025-07-07'),
  (8, '2025-08-08'),
  (9, '2025-09-09'),
  (10, '2025-10-10'),
  (11, '2025-11-11'),
  (12, '2025-12-12'),
  (13, '2025-01-13'),
  (14, '2025-02-14'),
  (15, '2025-03-15'),
  (16, '2025-04-16'),
  (17, '2025-05-17'),
  (18, '2025-06-18'),
  (19, '2025-07-19'),
  (20, '2025-08-20'),
  (21, '2025-09-21'),
  (22, '2025-10-22'),
  (23, '2025-11-23'),
  (24, '2025-12-24'),
  (25, '2025-01-25'),
  (26, '2025-02-01'),
  (27, '2025-03-02'),
  (28, '2025-04-03'),
  (29, '2025-05-04'),
  (30, '2025-06-05'),
  (31, '2025-07-06'),
  (32, '2025-08-07'),
  (33, '2025-09-08'),
  (34, '2025-10-09'),
  (35, '2025-11-10'),
  (36, '2025-12-11'),
  (37, '2025-01-12'),
  (38, '2025-02-13'),
  (39, '2025-03-14'),
  (40, '2025-04-15');

CREATE TABLE order_items (
  id INTEGER PRIMARY KEY AUTOINCREMENT,
  order_id INTEGER NOT NULL REFERENCES orders(id),
  menu_item_id INTEGER NOT NULL REFERENCES menu_items(id),
  qty INTEGER NOT NULL
);

INSERT INTO order_items (order_id, menu_item_id, qty) VALUES
  (1, 3, 2),
  (1, 6, 3),
  (1, 9, 4),
  (2, 5, 1),
  (2, 8, 2),
  (2, 11, 3),
  (2, 14, 4),
  (3, 7, 1),
  (3, 10, 2),
  (3, 13, 3),
  (3, 16, 4),
  (3, 19, 1),
  (4, 9, 2),
  (4, 12, 3),
  (5, 11, 4),
  (5, 14, 1),
  (5, 17, 2),
  (6, 13, 3),
  (6, 16, 4),
  (6, 19, 1),
  (6, 22, 2),
  (7, 15, 3),
  (7, 18, 4),
  (7, 21, 1),
  (7, 24, 2),
  (7, 3, 3),
  (8, 17, 4),
  (8, 20, 1),
  (9, 19, 2),
  (9, 22, 3),
  (9, 1, 4),
  (10, 21, 1),
  (10, 24, 2),
  (10, 3, 3),
  (10, 6, 4),
  (11, 23, 1),
  (11, 2, 2),
  (11, 5, 3),
  (11, 8, 4),
  (11, 11, 1),
  (12, 1, 2),
  (12, 4, 3),
  (13, 3, 4),
  (13, 6, 1),
  (13, 9, 2),
  (14, 5, 3),
  (14, 8, 4),
  (14, 11, 1),
  (14, 14, 2),
  (15, 7, 3),
  (15, 10, 4),
  (15, 13, 1),
  (15, 16, 2),
  (15, 19, 3),
  (16, 9, 4),
  (16, 12, 1),
  (17, 11, 2),
  (17, 14, 3),
  (17, 17, 4),
  (18, 13, 1),
  (18, 16, 2),
  (18, 19, 3),
  (18, 22, 4),
  (19, 15, 1),
  (19, 18, 2),
  (19, 21, 3),
  (19, 24, 4),
  (19, 3, 1),
  (20, 17, 2),
  (20, 20, 3),
  (21, 19, 4),
  (21, 22, 1),
  (21, 1, 2),
  (22, 21, 3),
  (22, 24, 4),
  (22, 3, 1),
  (22, 6, 2),
  (23, 23, 3),
  (23, 2, 4),
  (23, 5, 1),
  (23, 8, 2),
  (23, 11, 3),
  (24, 1, 4),
  (24, 4, 1),
  (25, 3, 2),
  (25, 6, 3),
  (25, 9, 4),
  (26, 5, 1),
  (26, 8, 2),
  (26, 11, 3),
  (26, 14, 4),
  (27, 7, 1),
  (27, 10, 2),
  (27, 13, 3),
  (27, 16, 4),
  (27, 19, 1),
  (28, 9, 2),
  (28, 12, 3),
  (29, 11, 4),
  (29, 14, 1),
  (29, 17, 2),
  (30, 13, 3),
  (30, 16, 4),
  (30, 19, 1),
  (30, 22, 2),
  (31, 15, 3),
  (31, 18, 4),
  (31, 21, 1),
  (31, 24, 2),
  (31, 3, 3),
  (32, 17, 4),
  (32, 20, 1),
  (33, 19, 2),
  (33, 22, 3),
  (33, 1, 4),
  (34, 21, 1),
  (34, 24, 2),
  (34, 3, 3),
  (34, 6, 4),
  (35, 23, 1),
  (35, 2, 2),
  (35, 5, 3),
  (35, 8, 4),
  (35, 11, 1),
  (36, 1, 2),
  (36, 4, 3),
  (37, 3, 4),
  (37, 6, 1),
  (37, 9, 2),
  (38, 5, 3),
  (38, 8, 4),
  (38, 11, 1),
  (38, 14, 2),
  (39, 7, 3),
  (39, 10, 4),
  (39, 13, 1),
  (39, 16, 2),
  (39, 19, 3),
  (40, 9, 4),
  (40, 12, 1);
